{
    "Diabetes": {
        "Logistic Regression": {
            "accuracy": 0.995,
            "precision": 0.9942857142857143,
            "recall": 1.0,
            "f1_score": 0.997134670487106,
            "confusion_matrix": [
                [
                    25,
                    1
                ],
                [
                    0,
                    174
                ]
            ]
        },
        "Random Forest": {
            "accuracy": 0.97,
            "precision": 0.9719101123595506,
            "recall": 0.9942528735632183,
            "f1_score": 0.9829545454545454,
            "confusion_matrix": [
                [
                    21,
                    5
                ],
                [
                    1,
                    173
                ]
            ]
        }
    },
    "Heart Disease": {
        "Logistic Regression": {
            "accuracy": 1.0,
            "precision": 1.0,
            "recall": 1.0,
            "f1_score": 1.0,
            "confusion_matrix": [
                [
                    63,
                    0
                ],
                [
                    0,
                    137
                ]
            ]
        },
        "Random Forest": {
            "accuracy": 0.94,
            "precision": 0.9310344827586207,
            "recall": 0.9854014598540146,
            "f1_score": 0.9574468085106383,
            "confusion_matrix": [
                [
                    53,
                    10
                ],
                [
                    2,
                    135
                ]
            ]
        }
    },
    "Kidney Disease": {
        "Logistic Regression": {
            "accuracy": 0.995,
            "precision": 1.0,
            "recall": 0.9928057553956835,
            "f1_score": 0.9963898916967509,
            "confusion_matrix": [
                [
                    61,
                    0
                ],
                [
                    1,
                    138
                ]
            ]
        },
        "Random Forest": {
            "accuracy": 0.955,
            "precision": 0.9642857142857143,
            "recall": 0.9712230215827338,
            "f1_score": 0.967741935483871,
            "confusion_matrix": [
                [
                    56,
                    5
                ],
                [
                    4,
                    135
                ]
            ]
        }
    },
    "Liver Disease": {
        "Logistic Regression": {
            "accuracy": 0.985,
            "precision": 1.0,
            "recall": 0.925,
            "f1_score": 0.961038961038961,
            "confusion_matrix": [
                [
                    160,
                    0
                ],
                [
                    3,
                    37
                ]
            ]
        },
        "Random Forest": {
            "accuracy": 0.94,
            "precision": 0.9117647058823529,
            "recall": 0.775,
            "f1_score": 0.8378378378378378,
            "confusion_matrix": [
                [
                    157,
                    3
                ],
                [
                    9,
                    31
                ]
            ]
        }
    },
    "Brain Disease": {
        "Logistic Regression": {
            "accuracy": 0.98,
            "precision": 0.9738562091503268,
            "recall": 1.0,
            "f1_score": 0.9867549668874173,
            "confusion_matrix": [
                [
                    47,
                    4
                ],
                [
                    0,
                    149
                ]
            ]
        },
        "Random Forest": {
            "accuracy": 0.98,
            "precision": 0.9738562091503268,
            "recall": 1.0,
            "f1_score": 0.9867549668874173,
            "confusion_matrix": [
                [
                    47,
                    4
                ],
                [
                    0,
                    149
                ]
            ]
        }
    }
}